{
    "loss": 1.1529686450958252,
    "accuracy": 0.9101449251174927
}