{
    "loss": 0.11865494400262833,
    "accuracy": 0.9768115878105164
}