{
    "loss": 0.11724613606929779,
    "accuracy": 0.9855072498321533
}